school_name,area,address,level,bus,AddmissionLast Date
Nanyang Girls' High School,West,"2 Linden Drive, Bukit Timah, S(288683)",Secondry,66;67;74;151;154;156;157;170;171;174;852;961,09-09-2021
,,,,,
St. Anthony'S Primary School,West,"30 Bukit Batok St 32, Bukit Batok, S(659401)",Primary,945,08-08-2021
,,,,,
,,,,,
,,,,,
,,,,,
Pei Chun Public School,South,"580 Toa Payoh East, Toa Payoh, S(319133)",Primary,232;57,2021-08-08
National Junior College,South,"37 Hillcrest Road, Bukit Timah, S(288913)",Mixed Level,151;154;156;157;170;170X;171;174;66;67;67A;67W;74;852;961;961C,09-09-2021
Admiralty Secondary School,North,"31 Woodlands Crescent, Woodlands, S(737916)",Secondry,904,09-09-2023
Northoaks Primary School,North,"61 Sembawang Drive, Sembawang, S(757622)",Primary,962,2021-08-08
Nanyang Junior College,South,"128 Serangoon Avenue 3, Serangoon, S(556111)",Junior College,22;24;53;73;133;105;135;136;156;853,01-01-2021
,,,,,
Hwa Chong Institution,West,"661 Bukit Timah Road, Bukit Timah, S(269734)",Mixed Level,66;67;74;151;154;156;157;170;171;174;852;961,09-09-2021
Seng Kang Primary School,North,"21 Compassvale Walk, Seng Kang, S(545166)",Primary,27;80;82;83;86;87;88;89;119;156;163;371;372;965,09-09-2021
Dunman Secondary School,East,"21 Tampines Street 45, Tampines, S(529093)",Secondry,28;29;293,2023-09-09
Pasir Ris Secondary School,East,"390 Tampines Street 21, Tampines, S(529400)",Secondary,3;8;10;18;19;22;23;28;29;31;37;38;39;65;67;69;72;81;291;292;293;15;21;27;168,09-09-2021
Christ Church Secondry School,North,"20 Woodlands Drive 17, Woodlands, S(737924)",Secondary,901,2021-09-08
Mayflower Primary School,South,"200 Ang Mo Kio Ave 5, Ang Mo Kio, S(569878)",Primary,13;86;138;162;269;851;852;853,2021-09-09
Jurongville Secondary School,West,"202 Jurong East Avenue 1, Jurong East, S(609790)",Secondary,98;99;157;185;187;198;334;502,2023-14-05
,,,,,
,,,,,
Anglo-Chinese School (Junior),South,"16 Winstedt Road, Central, S(227988)",Primary,5;54;124;128;143;162;162M;167;171;700;700A,2021-09-08
Jing Shan Primary SCHOol,South,"5 Ang Mo Kio St 52, Ang Mo Kio, S(569228)",Primary,265,2021-07-09
,,,,,
,,,,,
macpherson Primary School,East,"2 Mattar Road, Geylang, S(387724)",Primary,40;63;65;66;135;154;155,
Boon Lay Garden Primary School,West,"20 Boon Lay Drive, Jurong West, S(649930)",Primary,30;99;154;178;180;187;240;246,
,,,,,
Maha Bodhi School,East,"10 Ubi Avenue 1, Geylang, S(408931)",Primary,8;15;22;25;51;55;61;63;63M;65;66;93;94;854,
,,,,,
De La Salle School,West,"11 Choa Chu Kang St 52, Choa Chu Kang, S(689285)",Primary,302;979,
Ping Yi Secondary School,East,"61 Chai Chee Street, Bedok, S(468980)",Secondary,26;222;222P;2;7;24;25;28;30;30E;32;33;40;67;229;401;854;45;60;87,
Clementi Primary School,West,"8 Clementi Ave 3, Clementi, S(129903)",Primary,,
Geylang Methodist School (Primary),East,"4 Geylang East Central, Geylang, S(389706)",Primary,80;134;155,
Cantonment Primary School,South,"1 Cantonment Close, Bukit Merah, S(88256)",Primary,,
GAN ENG SENG PRIMARY SCHOOL,South,"100 Redhill Close, Bukit Merah, S(158901)",Primary,14;63;147;196;197;855;961,
,,,,,
,,,,,
Endeavour Primary School,North,"10 Admiralty Link, Sembawang, S(757521)",Primary,859;962,
,,,,,
Ahmad Ibrahim Primary School,North,"10 Yishun Street 11, Yishun, S(768643)",Primary,812;169;804;965;117;883,
,,,,,
,,,,,
Bukit Panjang Govt. High School,West,"7 Choa Chu Kang Ave 4, Choa Chu Kang, S(689809)",Secondary,300;983,
Kong Hwa School,East,"350 Guillemard Road, Geylang, S(399772)",Primary,7;70;70M;197,
,,,,,
Huamin Primary School,North,"530 Yishun Ring Road, Yishun, S(768680)",Primary,806;804,
Evergreen Secondary School,North,"11 Woodlands Street 83, Woodlands, S(738489)",Secondary,911,
Chij (Kellock),South,"121 Queensway, Bukit Merah, S(149059)",Primary,32;93;100;105;111;122;123;145;147;153;186;195;196;198;855;961;970,
,,,,,
,,,,,
,,,,,
Angsana Primary School,East,"3 Tampines Street 22, Tampines, S(529366)",Primary,8;17;18;28;34;39;59;518;292,
River Valley High School,West,"6 Boon Lay Avenue, Jurong West, S(649961)",Mixed Level,99;157;172;174;174E;198;502;502A;SS4;NR5,
Punggol Primary School,South,"61 Hougang Avenue 8, Hougang, S(538787)",Primary,"62,74,88,113,147,325",
Kheng Cheng School,South,"15 Lorong 3 Toa Payoh, Toa Payoh, S(319580)",Primary,235;56;73;88;157;159;163;231,
,,,,,
,,,,,
,,,,,
,,,,,
,,,,,
Catholic High School,North,"9 Bishan Street 22, Bishan, S(579767)",Mixed Level,13;52;54;88;156;162;162M;410,
Commonwealth Secondary School,West,"698 West Coast Road, Jurong East, S(608784)",Secondary,30;51;78;79;143;143M;176;201,
Bendemeer Primary School,South,"91 Bendemeer Road, Kallang, S(339948)",Primary,"13,23,31,61,64,65,65M,66,125;125X;133;140;147;853;857;985",
Lakeside Primary School,West,"161 Corporation Walk, Jurong West, S(618310)",Primary,98;98A;30,
Juying Primary School,West,"31 Jurong West Street 91, Jurong West, S(649037)",Primary,99;241,
Fuhua Secondary School,West,"5 Jurong West Street 41, Jurong West, S(649410)",Secondary,49;98;99;157;180;185;187;198;334;335;502,
Teck Whye Secondary School,West,"31 Teck Whye Crescent, Choa Chu Kang, S(688848)",Secondary,975;985;190;307,
,,,,,
Horizon Primary School,North,"61 Edgedale Plains, Punggol, S(828819)",Primary,83;85;3,
,,,,,
St. Andrew'S Junior School,South,"2 Francis Thomas Drive, Toa Payoh, S(359337)",Primary,8;13;26;31;90;90A;107;133;142;147;853;NR6,
Anderson Junior College,North,"4500 Ang Mo Kio Avenue 6, Ang Mo Kio, S(569843)",Junior College,13;86;162;269;825;851;852;853,
Boon Lay Secondary School,West,"11 Jurong West Street 65, Jurong West, S(648354)",Secondary,99;181;192;193;243;242;257;502;502A,
,,,,,
Northbrooks Secondary School,North,"585 Yishun Ring Road, Yishun, S(768692)",Secondary,804;806;860,
           SEMBAWANG PRIMARY SCHOOL,North,"10 Sembawang Drive, Sembawang, S(757715)",Primary,167;856;859;962;980,
,,,,,
Concord Primary School,West,"3 Choa Chu Kang Ave 4, Choa Chu Kang, S(689814)",Primary,300,
Nus High School Of Mathematics And Science,West,"20 Clementi Avenue 1, Clementi, S(129957)",Mixed Level,96;97;151;183;188;196;197;198,
Anglican High School,East,"600 Upper Changi Road, Bedok, S(487012)",Secondary,2;9;12;14;24;31;35;38;45;47;48,
,,,,,
,,,,,
,,,,,
Tanglin Secondary School,West,"301 West Coast Road, Clementi, S(127391)",Secondary,30;51;78;285;143;176,
,,,,,
Yew Tee Primary School,West,"10 Choa Chu Kang St 64, Choa Chu Kang, S(689100)",Primary,307,
,,,,,
    palm view primary school,North,"150 Compassvale Bow, Seng Kang, S(544822)",Primary,27;43;109;156;159;161;163;163M;550,
TECK WHYE PRIMARY SCHOOL,West,"11 Teck Whye Walk, Choa Chu Kang, S(688261)",Primary,975;190;985,
,,,,,
,,,,,
Anglo-Chinese School (Primary),South,"50 Barker Road, Novena, S(309918)",Primary,48;66;67;170;171;603;700,
,,,,,
Bukit Batok Secondary School,West,"50 Bukit Batok West Ave 8, Bukit Batok, S(658962)",Secondary,66;157;174;174E;178;188;506;941,
Dunman High School,East,"10 Tanjong Rhu Road, Kallang, S(436895)",Mixed Level,12;14;30;158;196,
,,,,,
,,,,,
Changkat Changi Secondary School,East,"23 Simei St 3, Tampines, S(529894)",Secondary,5;9;20;38,
MAYFLOWER SECONDARY SCHOOL,South,"2 Ang Mo Kio Street 21, Ang Mo Kio, S(569384)",Secondary,76;132;165;166;169;262;265;268,
,,,,,
,,,,,
,,,,,
St. Anthony'S Canossian Secondary School,East,"1600 Bedok North Avenue 4, Bedok, S(469700)",Secondary,17,
,,,,,
Woodlands Primary School,North,"10 Woodlands Drive 50, Woodlands, S(738853)",Primary,912;912E,
Fern Green Primary School,East,"70 Fernvale Link, Seng Kang, S(797538)",Primary,85;102,
,,,,,
,,,,,
,,,,,
,,,,,
,,,,,
Farrer Park Primary School,South,"2 Farrer Park Road, Kallang, S(217567)",Primary,131,
,,,,,
Chij Our Lady Of The Nativity,South,"1257 Upper Serangoon Road, Hougang, S(534793)",Primary,74;136;147;102;112;113;119,
,,,,,
,,,,,
,,,,,
,,,,,
,,,,,
Unity Primary School,West,"21 Choa Chu Kang Crescent, Choa Chu Kang, S(688268)",Primary,302,
,,,,,
,,,,,
STAMFORD PRIMARY SCHOOL,North,"1 Fernvale Lane, Seng Kang, S(797701)",Primary,163;70;86;103;854,
Northlight School,South,"151 Towner Road, Marine Parade, S(327830)",Secondary,21;125;130;139;145;13;23;31;64;65;133;147;857;985,
,,,,,
Kent Ridge Secondary School,South,"147 West Coast Road, Clementi, S(127368)",Secondary,30;51;143;175;176;201;282,
TAMPINES SECONDARY SCHOOL,East,"252 Tampines St 12, Tampines, S(529427)",Secondary,3;8;15;17;18;20;21;27;28;34;39;59;168;292;518,
Evergreen Primary School,North,"31 Woodlands Circle, Woodlands, S(738908)",Primary,913;911;858,
,,,,,
,,,,,
,,,,,
,,,,,
Woodgrove Primary School,North,"2 Woodlands Drive 14, Woodlands, S(738079)",Primary,901,
,,,,,
,,,,,
,,,,,
,,,,,
Shuqun Secondary School,West,"450 Jurong East Street 21, Jurong East, S(609604)",Secondary,52;98;99;105;160;176;183;187;333;334;502;506,
Unity Secondary School,West,"20 Choa Chu Kang Street 62, Choa Chu Kang, S(689143)",Secondary,307,
Kranji Secondary School,West,"38 Teck Whye Crescent, Choa Chu Kang, S(688945)",Secondary,190;985;975,
Pei Hwa Presbyterian Primary School,West,"7 Pei Wah Avenue, Bukit Timah, S(597610)",Primary,970;852;174;173;157;77;61,
,,,,,
,,,,,
Serangoon Garden Secondary School,South,"21 Serangoon North Avenue 1, Serangoon, S(555889)",Secondary,25;55;55A;73;74;76;76A;132;165;315,
,,,,,
Kranji Primary School,West,"11 Choa Chu Kang Street 54, Choa Chu Kang, S(689189)",Primary,307;302,
,,,,,
,,,,,
,,,,,
Marsiling Secondary School,North,"12 Marsiling Road, Woodlands, S(739110)",Secondary,913;911,
    zhonghua primary school,South,"12 Serangoon Avenue 4, Serangoon, S(556095)",Primary,22;24;53;105;156;315;853;501;70;76;103;147;502,
,,,,,
,,,,,
,,,,,
,,,,,
,,,,,
,,,,,
Yuan Ching Secondary School,West,"103 Yuan Ching Road, Jurong West, S(618654)",Secondary,154;240;246;98;180;182;187,
Keming Primary School,West,"90 Bukit Batok East Avenue 6, Bukit Batok, S(659762)",Primary,61;66;77;106;157;174;178;963,
Hong Wen School,South,"30 Towner Road, Kallang, S(327829)",Primary,13;23;31;64;65;66;125;133;147;857;21;130;139;145,
Woodlands Ring Secondary School,North,"10 Woodlands Ring Road, Woodlands, S(738239)",Secondary,912,
,,,,,
West Spring Secondary School,West,"61 Senja  Road, Bukit Panjang, S(677737)",Secondary,920;972,
,,,,,
,,,,,
,,,,,
,,,,,
Henry Park Primary School,West,"1 Holland Grove Road, Bukit Timah, S(278790)",Primary,7;61;75;156;157;165;92,
Chij Primary (Toa Payoh),South,"628 Lorong 1 Toa Payoh, Toa Payoh, S(319765)",Primary,59;231;141,
"School Of The Arts, Singapore",South,"1 Zubir Said Drive, Central, S(227968)",Mixed Level,7;14;16;36;64;65;77;106;111;124;128;131;147;162;166;167;171;174;175;190;502;518;700;857,
Edgefield Primary School,North,"41 Edgefield Plains, Punggol, S(828869)",Primary,3;34;62;82;83;136,
,,,,,
,,,,,
Gan Eng Seng School,South,"1 Henderson Road, Bukit Merah, S(159561)",Secondary,14;16;32;33;51;63;64;120;122;145;139;186;851;970,
,,,,,
Waterway Primary School,East,"70 Punggol Drive, Punggol, S(828802)",Primary,50,
,,,,,
,,,,,
,,,,,
,,,,,
HONG KAH SECONDARY SCHOOL,West,"931 Jurong West Street 42, Jurong West, S(649370)",Secondary,49;98;98A;99;157;185;187;198;334;502,
Bukit View Secondary School,West,"16 Bukit Batok Street 21, Bukit Batok, S(659633)",Secondary,173;189;990,
,,,,,
,,,,,
Eunos Primary School,East,"95 Jalan Eunos, Geylang, S(419529)",Primary,15;21;25;51;55;63;93;94;60;61;854;966,
,,,,,
Holy Innocents' Primary School,South,"4300 Ang Mo Kio Avenue 5, Hougang, S(569869)",Primary,51;72;80;101;119;132;136;153,
SOUTH VIEW PRIMARY SCHOOL,West,"6 Choa Chu Kang Central, Choa Chu Kang, S(689762)",Primary,,
VICTORIA JUNIOR COLLEGE,East,"20 Marine Vista, Bedok, S(449035)",Junior College,13;16;31;36;43;48;55;135;196;196e;197,
,,,,,
Stamford Primary School,South,"1 Victoria Lane, Central, S(198423)",Primary,2;7;12;32;33;61;62;63;80;130;133;145;197;NR8,
,,,,,
,,,,,
Canberra Primary School,North,"21 Admiralty Drive, Sembawang, S(757714)",Primary,859,
Punggol Cove Primary School,East,"52 Sumang Walk, Punggol, S(828674)",Primary,,
,,,,,
Lianhua Primary School,West,"2 Bukit Batok Street 52, Bukit Batok, S(659243)",Primary,945,
,,,,,
Assumption English School,West,"622 Upper Bukit Timah Road, Bukit Panjang, S(678117)",Secondary,67;75;170;171;176;178;184;961;963;970,
Sembawang Secondary School,North,"30 Sembawang Crescent, Sembawang, S(757704)",Secondary,859;962,
,,,,,
,,,,,
,,,,,
,,,,,
,,,,,
Greenridge Primary School,West,"11 Jelapang Road, Bukit Panjang, S(677744)",Primary,920;922;972,
Haig Girls' School,East,"51 Koon Seng Road, Geylang, S(427072)",Primary,16;33,
,,,,,
East Coast Primary School,East,"8 Chai Chee Lane, Bedok, S(469031)",Primary,222,
,,,,,
Punggol Green Primary SCHOOL,East,"98 Punggol Walk, Punggol, S(828772)",Primary,,
Marsiling Primary School,North,"31 Woodlands Centre Road, Woodlands, S(738927)",Primary,856;911;912,
Zhenghua Secondary School,West,"91 Senja Road, Bukit Panjang, S(677741)",Secondary,920;922,
,,,,,
,,,,,
,,,,,
St. Stephen'S School,East,"20 Siglap View, Bedok, S(455789)",Primary,2;7;24;25;26;28;30;32;33;67;854,
,,,,,
,,,,,
,,,,,
,,,,,
Zhonghua Secondary School,South,"13 Serangoon Avenue 3, Serangoon, S(556123)",Secondary,22;43;45;53;58;70;81;82;100;101;103;105;107;109;133;135;147;153;158;315;317;853,
,,,,,
Kuo Chuan Presbyterian Primary School,South,"8 Bishan Street 13, Bishan, S(579793)",Primary,76;132;165;166;169;265;268;269,
North Vista Secondary School,North,"11 Rivervale Link, Seng Kang, S(545081)",Secondary,80;82;87;88;89;119,
,,,,,
    river valley primary school,South,"2 River Valley Green, Central, S(237993)",Primary,5;16;32;54;65;75;175;970,
Corporation Primary School,West,"31 Jurong West Street 24, Jurong West, S(648347)",Primary,157;185,
BENDEMEER SECONDARY SCHOOL,South,"1 St Wilfred Road, Kallang, S(327919)",Secondary,13;23;31;64;65;66;125;133;140;147;857;985,
Punggol Secondary School,North,"51 Edgefield Plains, Punggol, S(828870)",Secondary,3;34;62;82;83;85;136;965;386,
,,,,,
Nan Hua Primary School,West,"170 West Coast Road, Clementi, S(127443)",Primary,30;51;143;175;201;533;655;727;762,
Presbyterian High School,North,"5209 Ang Mo Kio Avenue 6, Ang Mo Kio, S(569845)",Secondary,45;70;76;86;128;529;668;733;825;851;852;853,
Swiss Cottage Secondary School,West,"3 Bukit Batok Street 34, Bukit Batok, S(659322)",Secondary,945;187,
Red Swastika School,East,"350 Bedok North Avenue 3, Bedok, S(469719)",Primary,14;17;18;28;66;67;69;222;227;228,
Chij Katong Convent,East,"346 Marine Terrace, Marine Parade, S(449150)",Secondary,4N;13;16;31;36;43;47;48;55;134;135;150;196;196E;197;541;763;853,
,,,,,
Yu Neng Primary School,East,"56 Bedok North St 3, Bedok, S(469623)",Primary,14;17;18;28;66;67;69;225,
Macpherson Primary School,East,"2 Mattar Road, Geylang, S(387724)",Primary,40;63;65;66;135;154;155,
Marymount Convent School,South,"20 Marymount Road, Toa Payoh, S(297754)",Primary,141;235,
,,,,,
Cedar Girls' Secondary School,East,"1 Cedar Avenue, Toa Payoh, S(349692)",Secondary,8;61;64;65;66;90;100;135;151;154;155,
,,,,,
,,,,,
,,,,,
,,,,,
,,,,,
,,,,,
Blangah Rise Primary School,South,"91 Telok Blangah Heights, Bukit Merah, S(109100)",Primary,273;124,
,,,,,
Loyang View Secondary School,East,"12 Pasir Ris Street 11, Pasir Ris, S(519073)",Secondary,12;21;39;53;81;359;351,
,,,,,
Catholic Junior College,South,"129 Whitley Road, Novena, S(297822)",Junior College,105;132;151;153;154;156;186;996;985,
,,,,,
,,,,,
,,,,,
Chung Cheng High School (Yishun),North,"11 Yishun Street 61, Yishun, S(768547)",Secondary,85;811;812;851;852;853;854;855;858;965;969,
Tampines North Primary School,East,"30 Tampines Avenue 9, Tampines, S(529565)",Primary,28;29;293,
Springfield Secondary School,East,"30 Tampines Avenue 8, Tampines, S(529593)",Secondary,8;15;23;69;118;129;291;293;513;518,
    bukit view primary school,West,"18 Bukit Batok Street 21, Bukit Batok, S(659634)",Primary,173;157;178;852;66;106;61;506;963;77,
,,,,,
Chij Our Lady Queen Of Peace,West,"4 Chestnut Drive, Bukit Panjang, S(679287)",Primary,180;67;171;176;177;178;184;961;963;970,
,,,,,
Telok Kurau Primary School,East,"50 Bedok Reservoir Rd, Bedok, S(479239)",Primary,8;15;22;55;65;60;66;87;506,
,,,,,
Jurong Secondary School,West,"31 Yuan Ching Road, Jurong West, S(618652)",Secondary,30;49;98;98A;154;240;246,
Yuhua Primary School,West,"158 Jurong East Street 24, Jurong East, S(609558)",Primary,98;98A;187;333;502;507;NR5,
,,,,,
,,,,,
Yangzheng Primary School,South,"15 Serangoon Avenue 3, Serangoon, S(556108)",Primary,58;105;133;135,
,,,,,
Millennia Institute,West,"60 Bukit Batok West Avenue 8, Bukit Batok, S(658965)",Centralised Institute,66;157;174;174E;506;178;941;174M,
Tampines Primary School,East,"250 Tampines Street 12, Tampines, S(529426)",Primary,8;10;17;18;27;31;65;292;293,
St. Andrew'S Junior College,South,"5 Sorby Adams Drive, Toa Payoh, S(357691)",Junior College,8;26;31;90;142;151;154;857;966;985;853,
,,,,,
Hai Sing Catholic School,East,"9 Pasir Ris Drive 6, Pasir Ris, S(519421)",Secondary,3;5;6;12;17;21;89;354;358,
Admiralty Primary School,North,"11 Woodlands Circle, Woodlands, S(738907)",Primary,965;964;913,
,,,,,
Peirce Secondary School,South,"10 Sin Ming Walk, Bishan, S(575566)",Secondary,52;132;162;163;165;166;167;410;855;980,
,,,,,
,,,,,
Shuqun Primary School,West,"8 Jurong West Street 51, Jurong West, S(649332)",Primary,98;187;335,
Chij (Katong) Primary,East,"17 Martia Road, Bedok, S(424821)",Primary,15;55;36;16;135;197;196;31;13;76;12;10;14;32;40,
,,,,,
,,,,,
North View Primary School,North,"210 Yishun Avenue 6, Yishun, S(768960)",Primary,804;806,
               West Spring Primary SCHOol,West,"60 Bukit Panjang Ring Road, Bukit Panjang, S(679946)",Primary,920;922,
New Town Secondary School,West,"1020 Dover Road, Queenstown, S(139657)",Secondary,33;96;151;196;183,
,,,,,
    cedar primary school,South,"15 Cedar Avenue, Toa Payoh, S(349700)",Primary,8;61;65;66;100;135;154,
St. Gabriel'S Secondary School,South,"24 Serangoon Avenue 1, Serangoon, S(556140)",Secondary,158,
Fuhua Primary School,West,"65 Jurong East Street 13, Jurong East, S(609647)",Primary,51;66;66B;78;79;97;97A;98;105;105B;143;176;197;333;334;335;506,
Victoria School,East,"2 Siglap Link, Bedok, S(448880)",Secondary,31;36;43;47;48;55;76;135;155;196;196E;197;401;541;763;853;853C;4N,
      Beatty Secondary SCHOOL,South,"1 Toa Payoh North, Toa Payoh, S(318990)",Secondary,28;56;73;88;93;105;153;155;159;163;157;231;232,
,,,,,
Queenstown Secondary School,South,"1 Strathmore Road, Queenstown, S(148800)",Secondary,33;51;64;111;120;139;145;186;970,
,,,,,
Serangoon Secondary School,North,"11 Upper Serangoon View, Hougang, S(534237)",Secondary,62;74;102;113;119;136;147;324,
,,,,,
,,,,,
,,,,,
,,,,,
,,,,,
Chij Our Lady Of Good Counsel,South,"2C Burghley Drive, Serangoon, S(558979)",Primary,135;136,
Ai Tong School,South,"100 Bright Hill Drive, Bishan, S(579646)",Primary,410;162;52,
,,,,,
EDGEFIELD SECONDARY SCHOOL,North,"36 Punggol Field, Punggol, S(828814)",Secondary,3;34;62;82;83;136,
,,,,,
,,,,,
Geylang Methodist School (Secondary),East,"2 Geylang East Central, Geylang, S(389705)",Secondary,40;62;63;80;100;125;134;153;155;158;180,
Hougang Secondary School,North,"2 Hougang Street 93, Hougang, S(534256)",Secondary,43;88;101;109;156;159;161;325;329,
,,,,,
Yio Chu Kang Primary School,North,"1 Hougang Street 51, Hougang, S(538720)",Primary,88;101;109;159;161;325,
,,,,,
,,,,,
,,,,,
,,,,,
Swiss Cottage Secondary School,West,"3 Bukit Batok Street 34, Bukit Batok, S(659322)",Secondary,945;187,
Meridian Primary School,East,"20 Pasir Ris St 71, Pasir Ris, S(518798)",Primary,3;359,
Guangyang Secondary School,South,"8 Bishan Street 12, Bishan, S(579807)",Secondary,410;13;56;57;59;88;93;157;163,
,,,,,
East View Secondary School,East,"3 Tampines Street 42, Tampines, S(529177)",Secondary,4;8;18;19;21;37;38;81,
Bedok Green Primary School,East,"1 Bedok South Ave 2, Bedok, S(469317)",Primary,2;9;12;24;31;34;38,
Naval Base Secondary School,North,"901 Yishun Ring Road, Yishun, S(768689)",Secondary,39;811;812;851;852;853;854;855;858;965;969,
,,,,,
,,,,,
St. Andrew'S Secondary School,South,"15 Francis Thomas Drive, Toa Payoh, S(359342)",Secondary,8;13;26;31;90;90A;107;133;142;147;853,
,,,,,
Jurong Primary SCHOol,West,"320 Jurong East Street 32, Jurong East, S(609476)",Primary,333,
,,,,,
,,,,,
,,,,,
,,,,,
,,,,,
,,,,,
,,,,,
,,,,,
St. Gabriel'S Primary School,South,"220 Lorong Chuan, Serangoon, S(556742)",Primary,73;105;105A;159,
Zhenghua Primary School,West,"9 Fajar Road, Bukit Panjang, S(679002)",Primary,190;184;187;700;700A;921,
,,,,,
,,,,,
,,,,,
Rivervale Primary School,North,"80 Rivervale Drive, Seng Kang, S(545092)",Primary,86,
        Jiemin Primary SCHOol,North,"2 Yishun Street 71, Yishun, S(768515)",Primary,167;169;171;800;811,
Pioneer Primary SCHOOL,West,"23 Jurong West Street 81, Jurong West, S(649076)",Primary,243,
         JURONG WEST PRIMARY SCHOOL,West,"30 Jurong West St 61, Jurong West, S(648368)",Primary,257,
Alexandra Primary School,South,"2A Prince Charles Crescent, Bukit Merah, S(159016)",Primary,51;139;186;970,
,,,,,
,,,,,
,,,,,
Chongzheng Primary School,East,"1 Tampines Street 21, Tampines, S(529392)",Primary,3;17;18,
St. Joseph'S Institution Junior,South,"3 Essex Road, Novena, S(309331)",Primary,21;54;56;57;124;131;166;518;851,
,,,,,
Yishun Primary School,North,"500 Yishun Ring Road, Yishun, S(768679)",Primary,800;812,
Compassvale Secondary School,North,"51 Compassvale Crescent, Seng Kang, S(545083)",Secondary,27;82;83;86;88;89;89E;136;161;371;965,
,,,,,
Ngee Ann Secondary School,East,"1 Tampines Street 32, Tampines, S(529283)",Secondary,3;4;8;9;12;17;18;19;21;28;29;34;37;38;39;59;81;291;293;518;552,
,,,,,
,,,,,
,,,,,
,,,,,
,,,,,
Meridian Junior College,East,"21 Pasir Ris Street 71, Pasir Ris, S(518799)",Junior College,3;53;81;89,
Tao Nan School,East,"49 Marine Crescent, Marine Parade, S(449761)",Primary,13;16;31;36;43;48;55;134;196;197,
Park View Primary School,East,"60 Pasir Ris Drive 1, Pasir Ris, S(519524)",Primary,358;39;53;81;89,
,,,,,
,,,,,
Chongfu School,North,"170 Yishun Avenue 6, Yishun, S(768959)",Primary,811,
,,,,,
,,,,,
Pasir Ris Primary School,East,"5 Pasir Ris Street 21, Pasir Ris, S(518968)",Primary,3,
Anglo-Chinese Junior College,West,"25 Dover Close East, Queenstown, S(139745)",Junior College,74;95;100;105;106;111;145;147;191;196;198;602,
Juying Secondary School,West,"33 Jurong West Street 91, Jurong West, S(649038)",Secondary,99;241,
Radin Mas Primary School,South,"1 Bukit Purmei Avenue, Bukit Merah, S(99840)",Primary,123;131;275;65,
,,,,,
,,,,,
Tanjong Katong Secondary School,East,"130 Haig Road, Marine Parade, S(438796)",Secondary,10;16;31;32;33;40;76;135;197,
Ang Mo Kio Primary School,South,"20 Ang Mo Kio Avenue 3, Ang Mo Kio, S(569920)",Primary,76;132;165;166;169;200,
    balestier hill primary school,South,"565 Balestier Road, Novena, S(329927)",Primary,21;129;130;131;139;100,
,,,,,
,,,,,
,,,,,
Raffles Girls' Primary School,South,"21 Hillcrest Road, Bukit Timah, S(289072)",Primary,66;67;74;151;154;156;157;170;171;174;852;961,
,,,,,
Chij St. Theresa'S Convent,South,"160 Lower Delta Road, Bukit Merah, S(99138)",Secondary,65;121;123;123M;124;131;131M;195;195A;272;855,
,,,,,
EAST SPRING PRIMARY SCHOOL,East,"31 Tampines St 33, Tampines, S(529258)",Primary,291;28,
,,,,,
,,,,,
,,,,,
Bukit Merah Secondary School,South,"10 Lengkok Bahru, Bukit Merah, S(159050)",Secondary,14;32;33;63;64;120;123;132;139;145;147;153;196;197;198;765;855;961,
Bowen Secondary School,North,"2 Lorong Napiri, Hougang, S(547529)",Secondary,43;70;73;103;109;156;854;25;74;74E;76;112;132;147;165;55,
,,,,,
St. Joseph'S Institution,South,"38 Malcolm Road, Novena, S(308274)",Mixed Level,105;132;151;153;154;156;186;190;700;960;972,
,,,,,
Xishan Primary School,North,"8 Yishun Street 21, Yishun, S(768611)",Primary,800;801,
,,,,,
Queensway Secondary School,South,"2A Margaret Drive, Queenstown, S(149295)",Secondary,32;51;93;100;105;111;122;123;145;147;153;186;195;196;198;855;961;970,
First Toa Payoh Primary School,South,"7 Lorong 8 Toa Payoh, Toa Payoh, S(319252)",Primary,157;153;105;159;88;FS238,
Da Qiao Primary School,South,"8 Ang Mo Kio Street 54, Ang Mo Kio, S(569185)",Primary,265;74;165;55;76;73;268;88;132,
Oasis Primary School,East,"71 Edgefield Plains, Punggol, S(828716)",Primary,50;386,
,,,,,
Princess Elizabeth Primary School,West,"30 Bukit Batok West Avenue 3, Bukit Batok, S(659163)",Primary,174;157;178;66;941,
,,,,,
St. Hilda'S Secondary School,East,"2 Tampines Street 82, Tampines, S(528986)",Secondary,22;129;293,
ANDERSON SECONDARY SCHOOL,North,"10 Ang Mo Kio Street 53, Ang Mo Kio, S(569206)",Secondary,265;548;45;50;72,
,,,,,
,,,,,
Anglo-Chinese School (Independent),South,"121 Dover Road, Queenstown, S(139650)",Mixed Level,14;33;74;166;196,
Yishun Town Secondary School,North,"6 Yishun Street 21, Yishun, S(768610)",Secondary,39;85;171;800;803;804;806;811;812;851;852;853;853C;854;854E;855;856;857;859;860,
Chua Chu Kang Primary School,West,"20 Choa Chu Kang Avenue 2, Choa Chu Kang, S(689905)",Primary,300,
Fuchun Primary School,North,"23 Woodlands Avenue 1, Woodlands, S(739063)",Primary,187;856;912;925;950;960;961;963;963E;963R;966,
    damai primary school,East,"52 Bedok Reservoir Crescent, Bedok, S(479226)",Primary,228;66;65;22;21;5;506,
,,,,,
,,,,,
Singapore Chinese Girls' Primary School,North,"60 Dunearn Road, Novena, S(309434)",Primary,66;105;132;151;153;154;156;170;67;171;186;190;700;960;605,
,,,,,
Tanjong Katong Primary SCHOOL,East,"860 New Upper Changi Road, Marine Parade, S(467353)",Primary,10;12;14;32;40;608;16;196;197;31;36;76;135,
,,,,,
,,,,,
Bedok Green Secondary School,East,"360 Bedok North Ave 3, Bedok, S(469722)",Secondary,506;228;222;168;66;67;69;28;14;17,
,,,,,
St. Patrick'S School,East,"490 East Coast Road, Bedok, S(429058)",Secondary,10;12;13;14;16;31;32;36;40;48;55;76;155;135;196;197,
,,,,,
Anchor Green Primary School,North,"31 Anchorvale Drive, Seng Kang, S(544969)",Primary,163;372,
Wellington Primary School,North,"10 Wellington Circle, Sembawang, S(757702)",Primary,980;856;859,
Singapore Sports School,North,"1 Champions Way, Woodlands, S(737913)",Mixed Level,900A;901,
Anderson Primary School,North,"19 Ang Mo Kio Ave 9, Ang Mo Kio, S(569785)",Primary,265;268,
,,,,,
,,,,,
,,,,,
Bukit Panjang Primary School,West,"109 Cashew Road, Bukit Panjang, S(679676)",Primary,75;184,
Seng Kang Secondary School,North,"10 Compassvale Lane, Seng Kang, S(545090)",Secondary,27;80;85;86;87;89;89E;163;163M;372,
,,,,,
,,,,,
Chij Secondary (Toa Payoh),South,"626 Lorong 1 Toa Payoh, Toa Payoh, S(319764)",Secondary,59;141;231,
,,,,,
Meridian Secondary School,East,"31 Pasir Ris Street 51, Pasir Ris, S(518901)",Secondary,39;53;81;89;109;359;403;518,
,,,,,
,,,,,
,,,,,
,,,,,
Innova Primary School,North,"80 Woodlands Drive 17, Woodlands, S(737888)",Primary,900A;7;4;901,
Compassvale Primary School,North,"21 Compassvale St, Seng Kang, S(545091)",Primary,83;27;89;89E;965,
Chua Chu Kang Secondary School,West,"3 Teck Whye Crescent, Choa Chu Kang, S(688845)",Secondary,190;307;975;982E;985,
Paya Lebar Methodist Girls' School (Secondary),East,"296 Lor Ah Soo, Hougang, S(536742)",Secondary,45;53;53M;62;113,
,,,,,
,,,,,
TEMASEK SECONDARY SCHOOL,East,"600 Upper East Coast Road, Bedok, S(465561)",Secondary,10;10E;13;14;25;43;46;229;506;531;853,
,,,,,
,,,,,
Ngee Ann Primary School,East,"344 Marine Terrace, Marine Parade, S(449149)",Primary,13;16;31;36;55;608;197;196;135,
Maris Stella High School,North,"25 Mount Vernon Road, Toa Payoh, S(368051)",Mixed Level,28;93;100;135;155;158,
Yusof Ishak Secondary School,West,"11 Bukit Batok Street 25, Bukit Batok, S(658712)",Secondary,61;66;77;106;157;174;178;506;852;963,
Eunoia Junior College,North,"53 Mount Sinai Road, Bishan, S(276880)",Junior College,92;100;105;106;111;147;185,
,,,,,
Raffles Institution,South,"1 Raffles Institution Lane, Bishan, S(575954)",Mixed Level,410;13;50;52;53;54;55;56;57;58;59;74;88;93;128;130;132;156;157;162;163;165;166;167;851;852;855;980,
    hougang primary school,North,"1 Hougang St 93, Hougang, S(534238)",Primary,43;72;88;101;109;116;156;159;325,
,,,,,
CORAL PRIMARY SCHOOL,East,"20 Pasir Ris St 51, Pasir Ris, S(518902)",Primary,359;53;81,
,,,,,
Northland Secondary School,North,"3 Yishun Street 22, Yishun, S(768578)",Secondary,811;804;800,
,,,,,
,,,,,
Bartley Secondary School,South,"10 Jalan Bunga Rampai, Toa Payoh, S(538403)",Secondary,22;24;28;43;58;62;70;70M;76;80;80A;93;158,
Tampines North Primary School,East,"30 Tampines Avenue 9, Tampines, S(529565)",Primary,28;29;293,
,,,,,
,,,,,
,,,,,
Nanyang Primary School,West,"52 King'S Road, Bukit Timah, S(268097)",Primary,66;67;74;93;151;153;154;156;157;165;170;171;174;186;852;855;961,
,,,,,
Guangyang Primary School,South,"6 Bishan Street 12, Bishan, S(579806)",Primary,13;52;54;55;56;57;59;88;93;156;157;163;410,
,,,,,
,,,,,
,,,,,
Xingnan Primary School,West,"5 Jurong West Street 91, Jurong West, S(649036)",Primary,99;241,
,,,,,
,,,,,
,,,,,
,,,,,
,,,,,
,,,,,
Fajar Secondary School,West,"31 Gangsa Road, Bukit Panjang, S(678972)",Secondary,67;75;170;171;176;177;178;960;961;961C;963;963E;963R;970;979;979M,
,,,,,
Townsville Primary School,South,"3 Ang Mo Kio Ave 10, Ang Mo Kio, S(569730)",Primary,45;50;55;261;548;22;24;128;135;159;162;162M;262;853,
,,,,,
Concord Primary School,West,"3 Choa Chu Kang Ave 4, Choa Chu Kang, S(689814)",Primary,300,
,,,,,
,,,,,
,,,,,
,,,,,
,,,,,
,,,,,
Kuo Chuan Presbyterian Secondary School,South,"10 Bishan Street 13, Bishan, S(579795)",Secondary,53;54;56;410G;410W,
Yio Chu Kang Secondary School,North,"3063 Ang Mo Kio Avenue 5, Ang Mo Kio, S(569868)",Secondary,13;45;86;138;162;269;851;852;853,
,,,,,
,,,,,
,,,,,
Qihua Primary School,North,"5 Woodlands Street 81, Woodlands, S(738525)",Primary,911,
,,,,,
White Sands Primary School,East,"2 Pasir Ris St 11, Pasir Ris, S(519075)",Primary,12;17;21;39;53;81;518;109,
Jurong West Secondary School,West,"61 Jurong West Street 65, Jurong West, S(648348)",Secondary,30;154;157;180;187;198;242,
St. Margaret'S Primary School,South,"99 Wilkie Road, Central, S(228091)",Primary,64;65;65M;85;97;103;111;131;139,
Fairfield Methodist School (Primary),South,"100 Dover Road, Queenstown, S(139648)",Primary,14;33;74;166;196,
Nan Chiau High School,North,"20 Anchorvale Link, Seng Kang, S(545079)",Secondary,43;83;85;109;156;159;161;163;372,
Qifa Primary School,West,"50 West Coast Avenue, Clementi, S(128104)",Primary,30;51;78;143;285,
Fengshan Primary School,East,"307 Bedok North Road, Bedok, S(469680)",Primary,18;228;222;17;69;66;67;168;28;506;14;45,
,,,,,
             Changkat Primary SCHOol,East,"11 Simei St 3, Tampines, S(529896)",Primary,9;38;5,
Methodist Girls' School (Secondary),West,"11 Blackmore Drive, Bukit Timah, S(599986)",Secondary,66;67;74;77;151;154;156;157;170;171;174;563;852;961;961C;970,
,,,,,
Pasir Ris Crest Secondary School,East,"11 Pasir Ris Street 41, Pasir Ris, S(518934)",Secondary,358;17;81;12;3,
,,,,,
,,,,,
,,,,,
,,,,,
,,,,,
,,,,,
,,,,,
West View Primary School,West,"31 Senja Road, Bukit Panjang, S(677742)",Primary,170;171;176;178;180,
Chij St. Nicholas Girls' School,North,"501 Ang Mo Kio Street 13, Ang Mo Kio, S(569405)",Mixed Level,76;265;268;269,
,,,,,
    opera estate primary school,East,"48 Fidelio Street, Bedok, S(458436)",Primary,42,
Dazhong Primary School,West,"35 Bukit Batok Street 31, Bukit Batok, S(659441)",Primary,187;188,
Westwood Primary School,West,"1 Jurong West Street 73, Jurong West, S(649188)",Primary,181;502;243,
,,,,,
Anglo-Chinese School (Barker Road),South,"60 Barker Road, Novena, S(309919)",Secondary,48;66;67;170;171;700;960,
Poi Ching School,East,"21 Tampines Street 71, Tampines, S(529067)",Primary,293;72;27;168,
,,,,,
New Town Primary School,South,"300 Tanglin Halt Road, Queenstown, S(148812)",Primary,32;100;105;111;145;147;195;196;198;855,
,,,,,
,,,,,
,,,,,
,,,,,
Manjusri Secondary School,East,"20 Ubi Avenue 1, Geylang, S(408940)",Secondary,5;8;15;22;25;45;51;55;59;61;63;63M;65;66;93;94;854,
    pioneer junior college,West,"21 Teck Whye Walk, Choa Chu Kang, S(688258)",Junior College,975;190;985,
,,,,,
,,,,,
Spectra Secondary School,North,"1 Woodlands Drive 64, Woodlands, S(737758)",Secondary,904;912;913;962;964;965;969,
Jurong Junior College,West,"800 Corporation Road, Jurong West, S(649809)",Junior College,99;157;185;198;507;NR5;502;625;174;174M,
,,,,,
,,,,,
,,,,,
St. Margaret'S Secondary School,South,"111 Farrer Road, Bukit Timah, S(259240)",Secondary,48;93;153;165;174;186;855;961,
St. Anthony'S Canossian Primary School,East,"1602 Bedok North Ave 4, Bedok, S(469701)",Primary,17,
,,,,,
,,,,,
,,,,,
Xinghua Primary School,South,"45 Hougang Avenue 1, Hougang, S(538882)",Primary,53;62;112;113;115,
,,,,,
,,,,,
Whitley Secondary School,South,"30 Bishan Street 24, Bishan, S(579747)",Secondary,13;52;54;74;74E;88;162;162M;588;410;851;852,
Bedok South Secondary School,East,"1 Jalan Langgar Bedok, Bedok, S(468585)",Secondary,10;14;45,
,,,,,
Canberra Secondary School,North,"51 Sembawang Drive, Sembawang, S(757699)",Secondary,859;962,
North Spring Primary School,North,"1 Rivervale Street, Seng Kang, S(545088)",Primary,82;85;86;88;119;136;163;372,
Broadrick Secondary School,East,"61 Dakota Crescent, Geylang, S(399935)",Secondary,10;16;30;31;32;33,
Springdale Primary School,East,"71 Anchorvale Link, Seng Kang, S(544799)",Primary,85;372;2,
,,,,,
,,,,,
,,,,,
,,,,,
North Vista Primary School,North,"20 Compassvale Link, Seng Kang, S(544974)",Primary,,
,,,,,
,,,,,
,,,,,
Temasek Primary School,East,"501 Bedok South Ave 3, Bedok, S(469300)",Primary,229;10;14;13;48;43;506,
,,,,,
Xinmin Secondary School,North,"11 Hougang Avenue 8, Hougang, S(538789)",Secondary,25;55;70;72;73;74;88;101;103;112;132;147;156;159;161;165;315;854,
Teck Ghee Primary School,South,"1 Ang Mo Kio Street 32, Ang Mo Kio, S(569299)",Primary,22;24;135;853;162;262;159,
Yishun Secondary School,North,"4 Yishun Street 71, Yishun, S(768516)",Secondary,167;169;171;800;811;812;856;858;859;969;980,
Woodlands Secondary School,North,"11 Marsiling Road, Woodlands, S(739111)",Secondary,913;913E;178;856;903,
Outram Secondary School,South,"3 York Hill, Central, S(168622)",Secondary,174;123;16;175;195;33;5;63;75;851;970;186;51;64,
Queenstown Primary School,South,"310 Margaret Dr, Queenstown, S(149303)",Primary,32;111;145;195,
West Grove Primary School,West,"1 Jurong West St 72, Jurong West, S(649223)",Primary,99;242,
,,,,,
,,,,,
Crest Secondary School,West,"561 Jurong East Street 24, Jurong East, S(609561)",Secondary,52;98;98M;105;176;183;187;188;188R;333;502,
East View Primary School,East,"4 Tampines Street 91, Tampines, S(528907)",Primary,6;8;10;15;18;21;22;23;27;28;31,
,,,,,
,,,,,
Westwood Secondary School,West,"11 Jurong West Street 25, Jurong West, S(648350)",Secondary,172;181;185;199,
Riverside Secondary School,North,"3 Woodlands Street 81, Woodlands, S(738524)",Secondary,858;900;911;913;964;962;965;969;169;903,
,,,,,
,,,,,
Junyuan Primary School,East,"2 Tampines Street 91, Tampines, S(528906)",Primary,5;8;10;15;18;21;22;23;27;28;31;34;39;59;65;67;168;292;293,
,,,,,
,,,,,
Riverside Primary School,North,"110 Woodlands Crescent, Woodlands, S(737803)",Primary,913;964,
Gongshang Primary School,East,"1 Tampines Street 42, Tampines, S(529176)",Primary,8;18;21;38;81,
,,,,,
Peicai Secondary School,South,"10 Serangoon Avenue 4, Serangoon, S(556094)",Secondary,22;24;43;53;70;76;103;109;116;147;156;315;317;853,
Temasek Primary School,East,"501 Bedok South Ave 3, Bedok, S(469300)",Primary,229;10;14;13;48;43;506,
Dunearn Secondary School,West,"21 Bukit Batok West Avenue 2, Bukit Batok, S(659204)",Secondary,30;154;157;172;174;174E;178;180;187;198,
,,,,,
,,,,,
,,,,,
Holy Innocents' High School,South,"1191 Upper Serangoon Road, Hougang, S(534786)",Secondary,27;72;74;80;87;89;101;107;113;116;119;132;136;147;153;161;165;324;325,
,,,,,
Hua Yi Secondary School,West,"60 Jurong West St 42, Jurong West, S(649371)",Secondary,98;98A;99;157;187;198;334;335;502,
,,,,,
Fuchun Secondary School,North,"21 Woodlands Avenue 1, Woodlands, S(739062)",Secondary,187;856;912;925;926;950;960;961;963;966,
,,,,,
Zhangde Primary School,South,"51 Jalan Membina, Bukit Merah, S(169485)",Primary,16;33;63;123;195;605;851;14;65;147;167;196;197;961,
Paya Lebar Methodist Girls' School (Primary),East,"298 Lorong Ah Soo, Hougang, S(536741)",Primary,53;62;113;45,
Naval Base Primary School,North,"7 Yishun Ave 4, Yishun, S(769028)",Primary,811,
,,,,,
,,,,,
Greenridge Secondary School,West,"32 Bukit Panjang Ring Road, Bukit Panjang, S(679938)",Secondary,722;920;922;971E;972,
,,,,,
,,,,,
,,,,,
,,,,,
,,,,,
,,,,,
    yuhua secondary school,West,"35 Jurong West Street 41, Jurong West, S(649406)",Secondary,49;98;99;157;185;187;198;335;502,
Canossa Convent Primary School,East,"1 Sallim Road, Geylang, S(387621)",Primary,61;62;64;65;66;100;135;155;154,
,,,,,
Yumin Primary School,East,"3 Tampines Street 21, Tampines, S(529393)",Primary,,
Canossa Convent Primary School,East,"1 Sallim Road, Geylang, S(387621)",Primary,61;62;64;65;66;100;135;155;154,
Rosyth School,North,"21 Serangoon North Avenue 4, Serangoon, S(555855)",Primary,73;315;116,
Chung Cheng High School (Main),East,"50 Goodman Road, Marine Parade, S(439012)",Secondary,10;12;14;16;30;31;32;33;40;43;135;134;196;197,
Raffles Girls' School (Secondary),South,"20 Anderson Road, Central, S(259978)",Secondary,105;132;190;972,
,,,,,
Montfort Junior School,North,"52 Hougang Avenue 8, Hougang, S(538786)",Primary,74;88;101;147;161,
Unity Primary School,West,"21 Choa Chu Kang Crescent, Choa Chu Kang, S(688268)",Primary,302,
,,,,,
Sengkang Green Primary SCHOOL,East,"15 Fernvale Road, Seng Kang, S(797636)",Primary,163;70;86;103;854;50,
,,,,,
Crescent Girls' School,South,"357 Tanglin Road, Bukit Merah, S(247961)",Secondary,32;111;122;132;51;139;186;970,
Xinmin Primary School,North,"9 Hougang Avenue 8, Hougang, S(538784)",Primary,74;147;165;112,
East Spring Secondary School,East,"30 Tampines Street 34, Tampines, S(529231)",Secondary,3;4;9;12;17;19;21;28;29;34;37;39;59;81;291;518,
,,,,,
Junyuan Secondary School,East,"11 Tampines Street 84, Tampines, S(528933)",Secondary,69;291;293,
Woodlands Ring Primary School,North,"11 Woodlands Ring Road, Woodlands, S(738240)",Primary,912,
Punggol View Primary SCHOOL,East,"9 Punggol Place, Punggol, S(828845)",Primary,"50,382",
,,,,,
Montfort Secondary School,North,"50 Hougang Avenue 8, Hougang, S(538785)",Secondary,74;74E;88;101;147;147A;161,
,,,,,
Rulang Primary School,West,"6 Jurong West Street 52, Jurong West, S(649295)",Primary,335,
Greendale Primary School,North,"50 Edgedale Plains, Punggol, S(828848)",Primary,3;62;83;85;389,
Ang Mo Kio Secondary School,South,"6 Ang Mo Kio Street 22, Ang Mo Kio, S(569362)",Secondary,13;74;76;88;130;132;133;136;165;169;265;268;269;851;852,
,,,,,
Temasek Junior College,East,"22 Bedok South Road, Bedok, S(469278)",Mixed Level,12;16;31;38;47;155;196;197;229,
,,,,,
,,,,,
Frontier Primary School,West,"20 Jurong West Street 61, Jurong West, S(648200)",Primary,241,
Regent Secondary School,West,"50 Choa Chu Kang North 5, Choa Chu Kang, S(689621)",Secondary,307;301;302;160;170;178;925;927;960;983;961,
,,,,,
Yishun Junior College,North,"3 Yishun Ring Road, Yishun, S(768675)",Junior College,800;812;167;169;171;980,
Pei Hwa Secondary School,North,"21 Fernvale Link, Seng Kang, S(797702)",Secondary,50;70;86;103;163;854,
Nan Chiau Primary School,North,"50 Anchorvale Link, Seng Kang, S(545080)",Primary,156;159;161;371;372,
,,,,,
CLEMENTI TOWN SECONDARY SCHOOL,West,"10 Clementi Ave 3, Clementi, S(129904)",Secondary,14;105;106;147;156;165;166;173;175;184;196;282;284;285;7;96;99,
,,,,,
,,,,,
Bukit Timah Primary School,West,"111 Lorong Kismis, Bukit Timah, S(598112)",Primary,173,
Serangoon Junior College,North,"1033 Upper Serangoon Road, Hougang, S(534768)",Junior College,25;55;80;81;82;85;97;101;107;111;112;113;119;132;136;153,
St. Hilda'S Primary School,East,"2 Tampines Ave 3, Tampines, S(529706)",Primary,293,
,,,,,
,,,,,
,,,,,
,,,,,
,,,,,
,,,,,
,,,,,
,,,,,
Woodgrove Secondary School,North,"3 Woodlands Avenue 6, Woodlands, S(738990)",Secondary,900;901,
Methodist Girls' School (Primary),West,"11 Blackmore Drive, Bukit Timah, S(599986)",Primary,66;67;74;151;154;157;170;171;174,
Hillgrove Secondary School,West,"10 Bukit Batok Street 52, Bukit Batok, S(659250)",Secondary,176;985;945,
,,,,,
Beacon Primary School,West,"36 Bukit Panjang Ring Road, Bukit Panjang, S(679944)",Primary,920;922,
Fairfield Methodist School (Secondary),South,"102 Dover Road, Queenstown, S(139649)",Secondary,33;14;74;166;196,
Ahmad Ibrahim Secondary School,North,"751 Yishun Avenue 7, Yishun, S(768928)",Secondary,980;167;169;800;811;812;965;969;858;856;859,
Mee Toh School,North,"21 Edgedale Plains, Punggol, S(828867)",Primary,3;62;83,
Loyang Primary School,East,"3 Pasir Ris Drive 6, Pasir Ris, S(519419)",Primary,12;21;358,
,,,,,
,,,,,
,,,,,
,,,,,
,,,,,
Damai Secondary School,East,"4800 Bedok Reservoir Road, Bedok, S(479229)",Secondary,5;21;22;59;65;66;228;506;CT18,
,,,,,
Assumption Pathway School,West,"30 Cashew Road, Bukit Panjang, S(679697)",Secondary,170;67;75;171;176;178;184;961;963;970,
,,,,,
,,,,,
,,,,,
,,,,,
,,,,,
,,,,,
,,,,,
Northland Primary School,North,"15 Yishun Avenue 4, Yishun, S(769026)",Primary,812;171,
Innova Junior COLLEGE,North,"21 Champions Way, Woodlands, S(737902)",Junior College,161;168;901;900A,
,,,,,
Greendale Secondary School,North,"51 Edgedale Plains, Punggol, S(828866)",Secondary,3;62;83;85;136;386,
,,,,,
Bedok View Secondary School,East,"6 Bedok South Avenue 3, Bedok, S(469293)",Secondary,2;9;12;14;24;25;31;35;38;45;46;47;48;506;545,
Deyi Secondary School,North,"1 Ang Mo Kio Street 42, Ang Mo Kio, S(569277)",Secondary,22;24;25;73;74;76;88;132;135;159;162;165;261;262;268;853,
,,,,,
,,,,,
Elias Park Primary School,East,"11 Pasir Ris Street 52, Pasir Ris, S(518866)",Primary,3;15;39;53;81;88;89;357;403;518,
,,,,,
,,,,,
,,,,,
Seng Kang Primary School,North,"21 Compassvale Walk, Seng Kang, S(545166)",Primary,27;80;82;83;86;87;88;89;119;156;163;371;372;965,
SI LING PRIMARY SCHOOL,North,"61 Woodlands Avenue 1, Woodlands, S(739067)",Primary,912,
,,,,,
Yuying Secondary School,South,"47 Hougang Avenue 1, Hougang, S(538884)",Secondary,25;51;53;55;62;87;113;119;151;854,
Tanjong Katong Girls' School,East,"2 Bedok South Road, Marine Parade, S(469268)",Secondary,2;7;16;24;25;28;30;30E;31;32;33;38;40;67;196;197;222;229;401;854,
"School Of Science And Technology, Singapore",West,"1 Technology Drive, Clementi, S(138572)",Secondary,14;74;105;106;147;166,
,,,,,
Orchid Park Secondary School,North,"10 Yishun Street 81, Yishun, S(768454)",Secondary,811,
,,,,,
,,,,,
Casuarina Primary School,East,"30 Pasir Ris St 41, Pasir Ris, S(518935)",Primary,12;21;358,
Pei Tong Primary School,South,"15 Clementi Avenue 5, Clementi, S(129857)",Primary,7;184;282,
    tampines junior college,East,"2 Tampines Avenue 9, Tampines, S(529564)",Junior College,3;9;12;17;19;21;28;29;37;81;293;518,
Nan Hua High School,West,"41 Clementi Avenue 1, Clementi, S(129956)",Secondary,14;33;52;78;96;97;105;106;147;151;154;165;166;183;185;188;189;196;197;198;282;285;963,
Chij St. Joseph'S Convent,North,"62 Sengkang East Way, Seng Kang, S(548595)",Secondary,50;82;86;88;119;136,
,,,,,
,,,,,
Peiying Primary School,North,"651 Yishun Ring Road, Yishun, S(768687)",Primary,851;852;853;854;855,
,,,,,
Greenwood Primary School,North,"11 Woodlands  Dr  62, Woodlands, S(737942)",Primary,912;913;962,
Singapore Chinese Girls' School,North,"190 Dunearn Road, Novena, S(309437)",Secondary,48;66;67;105;132;151;153;154;156;170;171;186;190;700;700A;960;971E;972,
,,,,,
,,,,,
,,,,,
,,,,,
,,,,,
,,,,,
,,,,,
,,,,,
,,,,,
,,,,,
,,,,,
,,,,,
,,,,,
,,,,,
,,,,,
,,,,,
,,,,,
,,,,,
,,,,,
,,,,,
,,,,,
,,,,,
,,,,,
,,,,,
,,,,,
,,,,,
,,,,,
,,,,,
,,,,,
,,,,,
,,,,,
,,,,,
,,,,,
,,,,,
,,,,,
,,,,,
,,,,,
,,,,,
,,,,,
,,,,,
,,,,,
,,,,,
,,,,,
,,,,,
,,,,,
,,,,,
,,,,,
,,,,,
,,,,,
,,,,,
,,,,,
,,,,,
,,,,,
,,,,,
,,,,,
,,,,,
,,,,,
,,,,,
,,,,,
,,,,,
,,,,,
,,,,,
,,,,,
,,,,,
,,,,,
,,,,,
,,,,,
,,,,,
,,,,,
,,,,,
,,,,,
,,,,,
,,,,,
,,,,,
,,,,,
,,,,,
,,,,,
,,,,,
,,,,,
,,,,,
,,,,,
,,,,,
,,,,,
,,,,,
,,,,,
,,,,,
,,,,,
,,,,,
,,,,,
,,,,,
,,,,,
,,,,,
,,,,,
,,,,,
,,,,,
,,,,,
,,,,,
,,,,,
,,,,,
,,,,,
,,,,,
,,,,,
,,,,,
,,,,,
,,,,,
,,,,,
,,,,,
,,,,,
,,,,,
,,,,,
,,,,,
,,,,,
,,,,,
,,,,,
,,,,,
,,,,,
,,,,,
,,,,,
,,,,,
,,,,,
,,,,,
,,,,,
,,,,,
,,,,,
,,,,,
,,,,,
,,,,,
,,,,,
,,,,,
,,,,,
,,,,,
,,,,,
,,,,,
,,,,,
,,,,,
,,,,,
,,,,,
,,,,,
,,,,,
,,,,,
,,,,,
,,,,,
,,,,,
,,,,,
,,,,,
,,,,,
,,,,,
,,,,,
,,,,,
,,,,,
,,,,,
,,,,,
,,,,,
,,,,,
,,,,,
,,,,,
,,,,,
,,,,,
,,,,,
,,,,,
,,,,,
,,,,,
,,,,,
,,,,,
,,,,,
,,,,,
,,,,,
,,,,,
,,,,,
,,,,,
,,,,,
,,,,,
,,,,,
,,,,,
,,,,,
,,,,,
,,,,,
,,,,,
,,,,,
,,,,,
,,,,,
,,,,,
,,,,,
,,,,,
,,,,,
,,,,,
,,,,,
,,,,,
,,,,,
,,,,,
,,,,,
,,,,,
,,,,,
,,,,,
,,,,,
,,,,,
,,,,,
,,,,,
,,,,,
,,,,,
,,,,,
,,,,,
,,,,,
,,,,,
,,,,,
,,,,,
,,,,,
,,,,,
,,,,,
,,,,,
,,,,,
,,,,,
,,,,,
,,,,,
,,,,,
,,,,,
,,,,,
,,,,,
,,,,,
,,,,,
,,,,,
,,,,,
,,,,,
,,,,,
,,,,,
,,,,,
,,,,,
,,,,,
,,,,,
,,,,,
,,,,,
,,,,,
,,,,,
,,,,,
,,,,,
,,,,,
,,,,,
,,,,,
,,,,,
,,,,,
,,,,,
,,,,,
,,,,,
,,,,,
,,,,,
,,,,,
,,,,,
,,,,,
,,,,,
,,,,,
,,,,,
,,,,,
,,,,,
,,,,,
,,,,,
,,,,,
,,,,,
,,,,,
,,,,,
,,,,,
,,,,,
,,,,,
,,,,,
,,,,,
,,,,,
,,,,,
,,,,,
,,,,,
,,,,,
,,,,,
,,,,,
,,,,,
